#,Area,Compatible biomes,Condition,"Damage<ref name=""plantai""/>",Description,Item,Links,Listen,Name,Projectile,Tile and location requirements,Title,_ext_links,_file_links,_source_page,_wiki_api,biome_category,game
1,,,"* Forest, daytime",,"A cheerful, upbeat, and simple tune.",,,300px,,,,Overworld Day,,['Music-Overworld Day.mp3'],Music,https://terraria.wiki.gg/api.php,unclassified,Terraria
2,,,"* Blood Moon
* Meteorite",,A slower and more sinister track.,,,300px,,,,Eerie,,['Music-Eerie.mp3'],Music,https://terraria.wiki.gg/api.php,unclassified,Terraria
3,,,"* Forest, night-time
* The Hallow (surface), night-time",,"Relatively peaceful and relaxing, though in a minor key.",,,300px,,,,Night,,['Music-Overworld Night.mp3'],Music,https://terraria.wiki.gg/api.php,unclassified,Terraria
4,,,"* Underground
* Cavern",,A whimsical track with an almost robotic tone.,,,300px,,,,Underground,,['Music-Underground.mp3'],Music,https://terraria.wiki.gg/api.php,unclassified,Terraria
5,,,* Eye of Cthulhu,,"Loud and frantic battle music, with the scratching sounds at the beginning sounding like a siren.",,,300px,,,,Boss 1,,['Music-Boss 1.mp3'],Music,https://terraria.wiki.gg/api.php,unclassified,Terraria
6,,,* Title screen,,"A serene, solemn tune, but short and hooking.",,,300px,,,,Title,,['Music-Title Screen.mp3'],Music,https://terraria.wiki.gg/api.php,unclassified,Terraria
7,,,"* Jungle, surface, daytime",,"An exotic, relaxed tune, it has a heavy emphasis on percussion.",,,300px,,,,Jungle,,['Music-Jungle.mp3'],Music,https://terraria.wiki.gg/api.php,unclassified,Terraria
8,,,"* The Corruption (surface)
* Remix world generation",,Its melody somewhat resembles the Overworld Day track but altered and slowed to sound much darker and more menacing.,,,300px,,,,Corruption,,['Music-Corruption.mp3'],Music,https://terraria.wiki.gg/api.php,unclassified,Terraria
9,,,"* The Hallow (surface), daytime",,"It has a very happy, heavenly tone and makes use of instruments related to this idea, especially the harp and glockenspiel. It shares a lot of its melody with Overworld Day.",,,300px,,,,The Hallow,,['Music-The Hallow.mp3'],Music,https://terraria.wiki.gg/api.php,unclassified,Terraria
10,,,* Underground Corruption,,"This track is a combination of Corruption and Underground tracks, with a depressing and dark tone.",,,300px,,,,Underground Corruption,,['Music-Underground Corruption.mp3'],Music,https://terraria.wiki.gg/api.php,unclassified,Terraria
11,,,"* Underground Hallow
* Celebration Mk 10 world generation",,"This track is a combination of the Hallow and Underground tracks. It shares the heavenly tone of the Hallow track, but with a faster-paced, electronic tune.",,,300px,,,,Underground Hallow,,['Music-Underground Hallow.mp3'],Music,https://terraria.wiki.gg/api.php,unclassified,Terraria
12,,,* Wall of Flesh,,"It is a very hectic, frantic tune, and gives the feel of a chase, fear and horror, especially at the beginning.",,,300px,,,,Boss 2,,['Music-Boss 2.mp3'],Music,https://terraria.wiki.gg/api.php,unclassified,Terraria
13,,,"* Brain of Cthulhu
* Frost Legion",,"It is much slower and less intense than the other boss fights, the slowest track in the soundtrack, giving it a more menacing and mechanical tone.",,,300px,,,,Boss 3,,['Music-Boss 3.mp3'],Music,https://terraria.wiki.gg/api.php,unclassified,Terraria
14,,,* Snow biome,,"A relaxed, somewhat slow-paced theme with a distinct, cold, and crystalline feel.",,,300px,,,,Snow,,['Music-Snow.mp3'],Music,https://terraria.wiki.gg/api.php,unclassified,Terraria
15,,,"* Space, night-time",,A quick and carefree theme that makes use of many airy synths and shares some of its instruments with the Overworld Day theme. Contains a motif of Underground.,,,300px,,,,Space Night,,['Music-Space Night.mp3'],Music,https://terraria.wiki.gg/api.php,unclassified,Terraria
16,,,* The Crimson (surface),,"An unnerving, dark, and unsettling theme with a faster pace than that of the Corruption. Its main melody comes near the end of the track.",,,300px,,,,Crimson,,['Music-Crimson.mp3'],Music,https://terraria.wiki.gg/api.php,unclassified,Terraria
17,,,* Golem,,Fast paced without being particularly dark or menacing.,,,300px,,,,Boss 4,,['Music-Golem.mp3'],Music,https://terraria.wiki.gg/api.php,unclassified,Terraria
18,,,"* Forest, daytime",,"A cheerful, upbeat tune similar to the Overworld Day theme, but with a more complex composition.",,,300px,,,,Alt Overworld Day,,['Music-Alternate Day.mp3'],Music,https://terraria.wiki.gg/api.php,unclassified,Terraria
19,,,* Rain,,"It gives the effect of a peaceful and calming theme, slower and less upbeat than others.",,,300px,,,,Rain,,['Music-Rain.mp3'],Music,https://terraria.wiki.gg/api.php,unclassified,Terraria
20,,,* Ice biome,,"A calm, mysterious, and wintery theme slightly reminiscent of the Alt Underground theme.",,,300px,,,,Ice,,['Music-Ice biome.mp3'],Music,https://terraria.wiki.gg/api.php,unclassified,Terraria
21,,,* Desert,,"It is a simple, quiet theme inspired by ancient Egyptian music as commonly portrayed in other video games and films.",,,300px,,,,Desert,,['Music-Desert.mp3'],Music,https://terraria.wiki.gg/api.php,unclassified,Terraria
22,,,"* Ocean, daytime",,It is a tranquil theme with a somewhat slower pace than other daytime themes.,,,300px,,,,Ocean Day,,['Music-Ocean Day.mp3'],Music,https://terraria.wiki.gg/api.php,unclassified,Terraria
23,,,* Dungeon,,"A sinister, dark theme that makes use of various instruments to evoke a sound akin to the echoes of a deep dungeon below.",,,300px,,,,Dungeon,,['Music-Dungeon.mp3'],Music,https://terraria.wiki.gg/api.php,unclassified,Terraria
24,,,* Plantera,,"It is a unique, mid-tempo track in a heavy metal style, featuring prominent use of electric guitars and incorporating melodies from the Jungle soundtrack. It is a nod to Cenx's favorite band, .",,,300px,,,,Plantera,,['Music-Plantera.mp3'],Music,https://terraria.wiki.gg/api.php,unclassified,Terraria
25,,,* Mechdusa,,"It is a frenetic, serious theme, which uses sounds resembling buzzes and hovering.",,,300px,,,,Boss 5,,['Music-Boss 5.mp3'],Music,https://terraria.wiki.gg/api.php,unclassified,Terraria
26,,,* Jungle Temple,,"A mysterious and exotic-sounding theme, feeling like being in an ancient world.",,,300px,,,,Temple,,['Music-Lihzahrd.mp3'],Music,https://terraria.wiki.gg/api.php,unclassified,Terraria
27,,,* Solar Eclipse,,"It is dark with a varying pace, featuring an organ to give it a classic horror feel.",,,300px,,,,Eclipse,,['Music-Eclipse.mp3'],Music,https://terraria.wiki.gg/api.php,unclassified,Terraria
28,,,"* Rain
* Thunderstorm",,The sounds of rain pattering on the ground with slight hints of distant thunder.,,,300px,,,,Rain ambience,,['28 RainAmbience.wav'],Music,https://terraria.wiki.gg/api.php,unclassified,Terraria
29,,,* Glowing Mushroom biome,,"An offbeat, exotic, and trippy piece. It also contains a Corruption motif past the middle of the track.",,,300px,,,,Mushrooms,,['Music-Mushrooms.mp3'],Music,https://terraria.wiki.gg/api.php,unclassified,Terraria
30,,,* Pumpkin Moon,,Spooky Halloween-themed music.,,,300px,,,,Pumpkin Moon,,['Music-Pumpkin Moon.mp3'],Music,https://terraria.wiki.gg/api.php,unclassified,Terraria
31,,,"* Underground
* Cavern",,"It has a different, less whimsical feel than the original Underground theme. It also contains a Boss 2 motif near the end of the song.",,,300px,,,,Alt Underground,,['Music-Alternate Underground.mp3'],Music,https://terraria.wiki.gg/api.php,unclassified,Terraria
32,,,* Frost Moon,,It vaguely resembles a Christmas song but is more upbeat and uses an electric guitar with a heavy distortion applied giving it a metal feel to the track.,,,300px,,,,Frost Moon,,['Music-Frost Moon.mp3'],Music,https://terraria.wiki.gg/api.php,unclassified,Terraria
33,,,* Underground Crimson,,A mix of the Underground and Crimson tracks.,,,300px,,,,Underground Crimson,,['Music-Underground Crimson.mp3'],Music,https://terraria.wiki.gg/api.php,unclassified,Terraria
34,,,* Lunar Events,,"A fast, abstract, and especially intense theme.",,,300px,,,,The Towers,,['Music-Lunar Boss.mp3'],Music,https://terraria.wiki.gg/api.php,unclassified,Terraria
35,,,* Pirate Invasion,,Somewhat reminiscent of the ' soundtrack.,,,300px,,,,Pirate Invasion,,['Music-Pirate Invasion.mp3'],Music,https://terraria.wiki.gg/api.php,unclassified,Terraria
36,,,* The Underworld,,"A deep and menacing track, with an emphasis on harsh percussion.",,,300px,,,,Hell,,['Music-Underworld.mp3'],Music,https://terraria.wiki.gg/api.php,unclassified,Terraria
37,,,* Martian Madness,,"A loud, daunting track.",,,300px,,,,Martian Madness,,['Music-Martian Madness.mp3'],Music,https://terraria.wiki.gg/api.php,unclassified,Terraria
38,,,* Moon Lord,,"A unique, intense track with a fast tempo. Reuses part of the The Towers and Space Night themes.",,,300px,,,,Lunar Boss,,['Music-Moon Lord.mp3'],Music,https://terraria.wiki.gg/api.php,unclassified,Terraria
39,,,* Goblin Army,,It somewhat vaguely resembles the Pumpkin Moon theme.,,,300px,,,,Goblin Invasion,,['Music-Goblin Army.mp3'],Music,https://terraria.wiki.gg/api.php,unclassified,Terraria
40,,,* Sandstorm,,A tense theme that uses a synth to simulate wind (along with actual wind sounds) as well as a sitar to give a sort of Egyptian desert feeling. Some parts of Boss 5 and The Towers can be heard.,,,300px,,,,Sandstorm,,['Music-Sandstorm.mp3'],Music,https://terraria.wiki.gg/api.php,unclassified,Terraria
41,,,* Old One's Army,,"An intense theme, more orchestral than most other Terraria songs, which incorporates bits from the main theme of Dungeon Defenders as well as Terraria tracks Pirate Invasion, Title, Goblin Invasion, and Pumpkin Moon.",,,300px,,,,Old One's Army,,"[""Music-Old One's Army.mp3""]",Music,https://terraria.wiki.gg/api.php,unclassified,Terraria
42,,,"* Space, daytime",,It has a slower and calmer feeling.,,,300px,,,,Space Day,,['Music-Space Day.mp3'],Music,https://terraria.wiki.gg/api.php,unclassified,Terraria
43,,,"* Ocean, night-time",,"This track is more active and bouncier than its daytime counterpart. It has a happy, peaceful sounding tone.",,,300px,,,,Ocean Night,,['Music-Ocean Night.mp3'],Music,https://terraria.wiki.gg/api.php,unclassified,Terraria
44,,,* Windy Day,,"A perky, cheerful, whimsical track, inspired by .<ref> </ref> It includes instruments such as a music box, castanets, and a tambourine, and is one of the few tracks in the game to not be in  , rather it is in .",,,300px,,,,Windy Day,,['Music-Windy Day.mp3'],Music,https://terraria.wiki.gg/api.php,unclassified,Terraria
45,,,"* Windy Day
* Thunderstorm",,The sounds of wind blowing past.,,,300px,,,,Wind ambience,,['45 - Wind Ambiance.mp3'],Music,https://terraria.wiki.gg/api.php,unclassified,Terraria
46,,,"* Town, daytime",,A soothing track with a slight resemblance to Overworld Day.,,,300px,,,,Town Day,,['Music-Town Day.mp3'],Music,https://terraria.wiki.gg/api.php,unclassified,Terraria
47,,,"* Town, night-time",,It starts quickly and then slows down to reveal a calm and enjoyable melody.,,,300px,,,,Town Night,,['Music-Town Night.mp3'],Music,https://terraria.wiki.gg/api.php,unclassified,Terraria
48,,,* Slime Rain,,"A bouncy, slightly silly-sounding track. It contains motifs of the Ocean Night and Underground themes.",,,300px,,,,Slime Rain,,['Music-Slime Rain.mp3'],Music,https://terraria.wiki.gg/api.php,unclassified,Terraria
49,,,* Music Box-only (crafting),,This hardstyle remix by Xenon and DSniper of the Overworld Day theme was the winning track of Terraria's 2013 music contest.<ref> </ref>,,,300px,,,,Day Remix,,['Music-Contest Winner.mp3'],Music,https://terraria.wiki.gg/api.php,unclassified,Terraria
50,,,* Title screen,,"A triumphant, powerful track. On game launch and in the 1.4 trailer it features a ""whoom"" intro sound before looping into the standard Journey's Beginning track. It is also the first track to be heard by a new player.",,,300px,,,,Journey's Beginning,,"[""Music-Journey's Beginning (intro).mp3""]",Music,https://terraria.wiki.gg/api.php,unclassified,Terraria
51,,,* Title screen,,"A triumphant, powerful track that lacks the ""whoom"" intro sound.",,,300px,,,,Journey's Beginning,,"[""Music-Journey's Beginning.mp3""]",Music,https://terraria.wiki.gg/api.php,unclassified,Terraria
52,,,* Thunderstorm,,"It sounds harsh and threatening, and has a slight resemblance to the Old One's Army and Sandstorm tracks.",,,300px,,,,Storm,,['Music-Storm.mp3'],Music,https://terraria.wiki.gg/api.php,unclassified,Terraria
53,,,* Graveyard,,"A dark, depressing spin on the Town themes.",,,300px,,,,Graveyard,,['Music-Graveyard.mp3'],Music,https://terraria.wiki.gg/api.php,unclassified,Terraria
54,,,* Underground Jungle,,Significantly less whimsical than the surface Jungle track and sounds more threatening and melancholic.,,,300px,,,,Underground Jungle,,['Music-Underground Jungle.mp3'],Music,https://terraria.wiki.gg/api.php,unclassified,Terraria
55,,,"* Jungle, surface, night-time",,"It sounds very different from the day theme, with the main melody being a slow, ominous beat with an emphasis on deep drums.",,,300px,,,,Jungle Night,,['Music-Surface Night Jungle.mp3'],Music,https://terraria.wiki.gg/api.php,unclassified,Terraria
56,,,* Queen Slime,,"It begins with a regal and celebratory style, before turning into something more sinister and methodical. It contains a motif of Jungle Night.",,,300px,,,,Queen Slime,,['Music-Queen Slime.mp3'],Music,https://terraria.wiki.gg/api.php,unclassified,Terraria
57,,,* Empress of Light,,"It begins as a fast, extremely intense track similar to Boss 2, before changing to a slower tune. The entire track has a very chaotic feel and sounds unlike anything else in Terraria. Uniquely, this track features a second loop with different composition, before completely looping.",,,300px,,,,Empress of Light,,['Music-Empress of Light.mp3'],Music,https://terraria.wiki.gg/api.php,unclassified,Terraria
58,,,* Duke Fishron,,"A slow theme with bubbling sounds and a pirate-like feel, in stark contrast with the fast-paced and chaotic fight it accompanies.",,,300px,,,,Duke Fishron,,['Music-Duke Fishron.mp3'],Music,https://terraria.wiki.gg/api.php,unclassified,Terraria
59,,,"* Rain, between  and",,"Very similar to the Overworld Day theme, but is significantly more extravagant and jolly, like one is about to embark on an adventure. This also used to be the old tutorial theme.",,,300px,,,,Morning Rain,,['Music-Morning Rain.mp3'],Music,https://terraria.wiki.gg/api.php,unclassified,Terraria
60,,,"* Drunk world generation
* Title screen",,"An extended variation of the Title track, with more instruments and expression.",,,300px,,,,Alt Title,,['Music-Title (Console).mp3'],Music,https://terraria.wiki.gg/api.php,unclassified,Terraria
61,,,* Underground Desert,,"It begins as a slow, mysterious theme featuring strings and low tones, before it transitions into a rock-style theme, with guitars and heavy drums, similar to the Plantera track.",,,300px,,,,Underground Desert,,['Music-Underground Desert.mp3'],Music,https://terraria.wiki.gg/api.php,unclassified,Terraria
62,,,"* Rain, daytime
* Thunderstorm",,An atmospheric track with light piano sounds that brings the image of falling rain.,,,300px,,,,Rain (Otherworldly),,['Music-Rain (Otherworldly).mp3'],Music,https://terraria.wiki.gg/api.php,unclassified,Terraria
63,,,"* Forest, daytime",,"A celebratory, almost victoriously sounding track which features instruments like Irish flute for a fantasy feeling.",,,300px,,,,Overworld Day (Otherworldly),,['Music-Forest Day (Otherworldly).mp3'],Music,https://terraria.wiki.gg/api.php,unclassified,Terraria
64,,,"* Forest, night-time
* Rain, night-time
* The Hallow, night-time",,"It is an ominous, at times frantic track that gives a sense of impending danger.",,,300px,,,,Night (Otherworldly),,['Music-Forest Night (Otherworldly).mp3'],Music,https://terraria.wiki.gg/api.php,unclassified,Terraria
65,,,"* Underground
* Cavern",,"A heroic-sounding track which features violin. Its internal name is ""Music-Main Theme (Underground)"" which suggests it was meant as a title screen track, which in turn fits with its grand intro.",,,300px,,,,Underground (Otherworldly),,['Music-Main Theme (Underground) (Otherworldly).mp3'],Music,https://terraria.wiki.gg/api.php,unclassified,Terraria
66,,,"* Desert
* Sandstorm
* Underground Desert",,"It begins with dobro (or similarly sounding instrument) for a Wild West feeling, along with occasional heartbeats. It continues with Irish flute for a fantasy feeling, and ends with subtle female vocals.",,,300px,,,,Desert (Otherworldly),,['Music-Desert (Otherworldly).mp3'],Music,https://terraria.wiki.gg/api.php,unclassified,Terraria
67,,,* Ocean,,An ambient-like track which incorporates pan flute music to produce the image of distant shores.,,,300px,,,,Ocean (Otherworldly),,['Music-Ocean (Otherworldly).mp3'],Music,https://terraria.wiki.gg/api.php,unclassified,Terraria
68,,,* Glowing Mushroom biome,,"It resembles a more tranquil version of the regular Mushrooms track. Its internal name is ""Music-Crystal Caves (Mushrooms)"" which suggests it would also play in some Gemstone cave-like biome.",,,300px,,,,Mushrooms (Otherworldly),,['Music-Crystal Caves (Mushrooms) (Otherworldly).mp3'],Music,https://terraria.wiki.gg/api.php,unclassified,Terraria
69,,,"* Dungeon
* Jungle Temple",,It is a melancholic and ritualistic-feeling track which features chanting and tribal-like drums.,,,300px,,,,Dungeon (Otherworldly),,['Music-Dungeon (Otherworldly).mp3'],Music,https://terraria.wiki.gg/api.php,unclassified,Terraria
70,,,"* Space
* Zenith world generation",,"An ambient track which subtly features ""psychedelic"" sounds for a sci-fi feeling and gradually grows to a heroic sound.",,,300px,,,,Space (Otherworldly),,['Music-Space (Otherworldly).mp3'],Music,https://terraria.wiki.gg/api.php,unclassified,Terraria
71,,,* The Underworld,,"Dark, aggressive, and features harpsichord music for a ""haunted house"" feeling.",,,300px,,,,Underworld (Otherworldly),,['Music-Underworld (Otherworldly).mp3'],Music,https://terraria.wiki.gg/api.php,unclassified,Terraria
72,,,"* Snow biome
* The Aether",,A calm and relaxing track which shifts between what resembles uplifting trance music and fantasy music.,,,300px,,,,Snow (Otherworldly),,['Music-Arctic (Snow) (Otherworldly).mp3'],Music,https://terraria.wiki.gg/api.php,unclassified,Terraria
73,,,* The Corruption (surface),,"It is a dark, undulating track which features downtempo rock music.",,,300px,,,,Corruption (Otherworldly),,['Music-Corruption (Otherworldly).mp3'],Music,https://terraria.wiki.gg/api.php,unclassified,Terraria
74,,,* Underground Corruption,,"Resembles its Otherworldly surface counterpart, but is somewhat more aggressive.",,,300px,,,,Underground Corruption (Otherworldly),,['Music-Underground Corruption (Otherworldly).mp3'],Music,https://terraria.wiki.gg/api.php,unclassified,Terraria
75,,,* The Crimson (surface),,"A dark, ambient track which seems to feature some type of contrabass brass instrument for a ""gloomy"" feeling and eventually becomes almost psychedelic-sounding.",,,300px,,,,Crimson (Otherworldly),,['Music-Crimson (Otherworldly).mp3'],Music,https://terraria.wiki.gg/api.php,unclassified,Terraria
76,,,* Underground Crimson,,A brooding and increasingly frantic track.,,,300px,,,,Underground Crimson (Otherworldly),,['Music-Underground Crimson (Otherworldly).mp3'],Music,https://terraria.wiki.gg/api.php,unclassified,Terraria
77,,,* Ice biome,,"It has a ""crystalline"" and rather ominous sound to it.",,,300px,,,,Ice (Otherworldly),,['Music-Ice (Otherworldly).mp3'],Music,https://terraria.wiki.gg/api.php,unclassified,Terraria
78,,,* Underground Hallow,,A sinister track that seems to involve different percussion instruments as well as a music box styled instrumentation to evoke a sense of sinister whimsy.,,,300px,,,,Underground Hallow (Otherworldly),,['Music-Underground Hallow (Otherworldly).mp3'],Music,https://terraria.wiki.gg/api.php,unclassified,Terraria
79,,,"* Blood Moon
* Graveyard
* Meteorite
* Solar Eclipse",,An almost doomsday-like track which features female hymns and what seems like electric guitar.,,,300px,,,,Eerie (Otherworldly),,['Music-Eerie (Otherworldly).mp3'],Music,https://terraria.wiki.gg/api.php,unclassified,Terraria
80,,,"* Deerclops
* Duke Fishron
* Empress of Light
* Golem
* Lunatic Cultist
* Queen Slime
* Skeletron Prime
* The Destroyer
* The Twins",,"Almost explodes at start and immediately drops in order to gradually rise in intensity, followed by male and female chants.",,,300px,,,,Boss 2 (Otherworldly),,['Music-Boss 2 (Otherworldly).mp3'],Music,https://terraria.wiki.gg/api.php,unclassified,Terraria
81,,,"* Brain of Cthulhu
* Eater of Worlds
* Eye of Cthulhu
* King Slime
* Mechdusa
* Queen Bee
* Skeletron",,"Somewhat resembles the regular Old One's Army track, but with a darker feeling.",,,300px,,,,Boss 1 (Otherworldly),,['Music-Boss 1 (Otherworldly).mp3'],Music,https://terraria.wiki.gg/api.php,unclassified,Terraria
82,,,"* Frost Legion
* Frost Moon
* Goblin Army
* Martian Madness
* Old One's Army
* Pirate Invasion
* Pumpkin Moon",,"A menacing, ""rapid"" track which gives a sense of running out of time.",,,300px,,,,Invasion (Otherworldly),,['Music-Invasion (Otherworldly).mp3'],Music,https://terraria.wiki.gg/api.php,unclassified,Terraria
83,,,* Lunar Events,,"Somewhat heroic-sounding, and features chanting as well as ample amounts of electric guitar.",,,300px,,,,The Towers (Otherworldly),,['Music-The Towers (Otherworldly).mp3'],Music,https://terraria.wiki.gg/api.php,unclassified,Terraria
84,,,* Moon Lord,,"Resembles The Towers track but has more chanting and feels even more dramatic, as is appropriate with the Moon Lord appearing after the Lunar Events.",,,300px,,,,Lunar Boss (Otherworldly),,['Music-Lunar Boss (Otherworldly).mp3'],Music,https://terraria.wiki.gg/api.php,unclassified,Terraria
85,,,* Plantera,,"A metal-like track with a sinister and somewhat gloomy feeling, appropriate for the fight against Plantera in the Underground Jungle.",,,300px,,,,Plantera (Otherworldly),,['Music-Plantera (Otherworldly).mp3'],Music,https://terraria.wiki.gg/api.php,unclassified,Terraria
86,,,"* Jungle
* Underground Jungle",,"A surprisingly tranquil track which seems to feature hurdy-gurdy music towards its end. The extended, enhanced version sold as part of the official Otherworld soundtrack is titled ""Sky Guardian"" (another name for the Wyvern) which suggests it was meant to play on Floating Islands or similar instead.",,,300px,,,,Jungle (Otherworldly),,['Music-Jungle (Otherworldly).mp3'],Music,https://terraria.wiki.gg/api.php,unclassified,Terraria
87,,,"* The Torch God
* Wall of Flesh",,It is a dramatic and at times also heroic-sounding track.,,,300px,,,,Wall of Flesh (Otherworldly),,['Music-Wall of Flesh (Otherworldly).mp3'],Music,https://terraria.wiki.gg/api.php,unclassified,Terraria
88,,,"* The Hallow (surface), daytime",,"A track which features angelic, hymn-like female vocals followed by calm piano music. It is the only in-game Otherworld track longer than 2 minutes.",,,300px,,,,Hallow (Otherworldly),,['Music-Hallow (Otherworldly).mp3'],Music,https://terraria.wiki.gg/api.php,unclassified,Terraria
89,,,* Credits,,"A heroic, celebratory track, fit for the theme heard just after beating the Moon Lord. It includes short bits from several other tracks.",,,300px,,,,Journey's End,,"[""Music-Journey's End.mp3""]",Music,https://terraria.wiki.gg/api.php,unclassified,Terraria
90,,,* Deerclops,,"Arranged by . It is an upbeat, electronic remix of ""The E.F.S. Of Winter"" from Don't Starve Together. E.F.S. stands for Epic Fight Song.",,,300px,,,,Deerclops,,['Music-Deerclops.mp3'],Music,https://terraria.wiki.gg/api.php,unclassified,Terraria
91,,,* The Aether,,"Ethereal, surreal, and yet calming track that bears a similarity to the Space tracks, fitting for the location the track plays in.",,,300px,,,,Aether,,['Music-Aether.mp3'],Music,https://terraria.wiki.gg/api.php,unclassified,Terraria
92,,,* The Destroyer,,"A rough, grungy track filled with crunchy instruments and percussion.",,,300px,,,,The Destroyer,,['Music-The Destroyer.mp3'],Music,https://terraria.wiki.gg/api.php,unclassified,Terraria
93,,,* King Slime,,Grand and bouncy track with a swing tempo that expresses mediocrity in the king's difficulty.,,,300px,,,,King Slime,,['Music-King Slime.mp3'],Music,https://terraria.wiki.gg/api.php,unclassified,Terraria
94,,,* Lunatic Cultist,,"A subdued, ominous, yet fast-paced track with a synthesized orchestra, percussion, and choir voices, similar to the Lunatic Cultist's own vocalizations.",,,300px,,,,Lunatic Cultist,,['Music-Lunatic Cultist.mp3'],Music,https://terraria.wiki.gg/api.php,unclassified,Terraria
95,,,* Music Box-only (Shimmer transmutation),,,,,300px,,,,Alt Queen Bee,,['Music-Alternate Queen Bee.mp3'],Music,https://terraria.wiki.gg/api.php,unclassified,Terraria
96,,,* Queen Bee,,"A fast and frenetic barrage of staccato percussion and synth, emulating the sound of harsh, buzzing bugs.",,,300px,,,,Queen Bee,,['Music-Queen Bee.mp3'],Music,https://terraria.wiki.gg/api.php,unclassified,Terraria
97,,,* The Twins,,"An ominous and intense composition that creates the impression of emptiness, as if the player is being closely watched.",,,300px,,,,The Twins,,['Music-The Twins.mp3'],Music,https://terraria.wiki.gg/api.php,unclassified,Terraria
98,,,* Skeletron Prime,,A dramatic metal track with Reese instruments.,,,300px,,,,Skeletron Prime,,['Music-Skeletron Prime.mp3'],Music,https://terraria.wiki.gg/api.php,unclassified,Terraria
99,,,* Eater of Worlds,,"A spacious, yet exhilarating spree of exotic noises and dissonance of synth and strings.",,,300px,,,,Eater of Worlds,,['Music-Eater of Worlds.mp3'],Music,https://terraria.wiki.gg/api.php,unclassified,Terraria
100,,,* Music Box-only (Shimmer transmutation),,"This track is an edit of the song ""NosferVentrue"" by Prosthetic Orchestra.<ref>[https://www.youtube.com/watch?v=RqATB8iLdhA ""NosferVentrue"" on YouTube]</ref>

<poem style=""line-height: 1.3em"">
He'll feast upon you as if you were a drug
A popular narcotic for the rest of today
Just remember, he will be watching you
for the day you learn to turn on him

He says you cannot resist
because of all the strings are in the hands of my being
When your mind turns to waste
for the favor of fire is here to stay

What am I?
What am I?
What am I?
I am The Torch God!
What am I?
What am I?
What am I?
I am The Torch God!

Here is the carbon copy corpse 
Changed to revive and distort
Kept alive to influence the flames
Immortal blood and all of the pain 

He says he cannot resist
because of all the strings are in my hands of my being
What the fire burns away
the favour of fire is laid to waste 

What am I?
What am I?
What am I?
I am The Torch God!
What am I?
What am I?
What am I?
I am The Torch God!

He likes what's you think
Switch the missing link
The flesh is still decaying
But success is awaiting

All see the will and the lyre
in facet is a favor with such desire 
He'll feast upon you as if you were a drug
A popular narcotic for the rest of today
When your kind turns to waste
the favor of fire is here to stay

I am The Torch God!
</poem>",,,300px,,,,Alt Torch God,['https://www.youtube.com/watch?v=RqATB8iLdhA'],['Music-Alternate Torch God.mp3'],Music,https://terraria.wiki.gg/api.php,unclassified,Terraria
101,,,* The Torch God,,An instrumental version of Alt Torch God.,,,300px,,,,Torch God,,['Music-Torch God.mp3'],Music,https://terraria.wiki.gg/api.php,unclassified,Terraria
102,,,* Rainbow Boulder,,"A short, pumping, techno track that opens with a riser sound.",,,300px,,,,Rainbow Boulder,,['Music-Rainbow Boulder (intro).mp3'],Music,https://terraria.wiki.gg/api.php,unclassified,Terraria
103,,,* Rainbow Boulder,,"Same as above, but without the riser intro.",,,300px,,,,Rainbow Boulder,,['Music-Rainbow Boulder (loop).mp3'],Music,https://terraria.wiki.gg/api.php,unclassified,Terraria
104,,,* Skeletron,,"It vaguely resembles the composition of the Lunatic Cultist. Lighter and simpler, but retaining the theme of the mystical Middle Ages.",,,300px,,,,Skeletron,,['Music-Skeletron.mp3'],Music,https://terraria.wiki.gg/api.php,unclassified,Terraria
,"[http://re-logic.bandcamp.com/track/overworld-day Bandcamp], [https://www.youtube.com/watch?v=3-PA9bexwrA YouTube]",,,,,During Day in the Forest <br/>(when Alt Overworld Day is not playing),400px,,,,,,"['http://re-logic.bandcamp.com/track/overworld-day', 'https://www.youtube.com/watch?v=3-PA9bexwrA']",['Music-Overworld Day.mp3'],Music Boxes,https://terraria.wiki.gg/api.php,unclassified,Terraria
,"[http://re-logic.bandcamp.com/track/alternate-day Bandcamp], [https://www.youtube.com/watch?v=9jItCJU5inM YouTube]",,,,,During Day in the Forest <br/>(when Overworld Day is not playing),400px,,,,,,"['http://re-logic.bandcamp.com/track/alternate-day', 'https://www.youtube.com/watch?v=9jItCJU5inM']",['Music-Alternate Day.mp3'],Music Boxes,https://terraria.wiki.gg/api.php,unclassified,Terraria
,"[http://re-logic.bandcamp.com/track/overworld-night Bandcamp], [https://www.youtube.com/watch?v=dgqRkPTKdI0 YouTube]",,,,,During Night on Surface in the Forest and Hallow,400px,,,,,,"['http://re-logic.bandcamp.com/track/overworld-night', 'https://www.youtube.com/watch?v=dgqRkPTKdI0']",['Music-Overworld Night.mp3'],Music Boxes,https://terraria.wiki.gg/api.php,unclassified,Terraria
,"[http://re-logic.bandcamp.com/track/rain Bandcamp], [https://www.youtube.com/watch?v=syc_nWb6S-s YouTube]",,,,,During Rain in the Forest,400px,,,,,,"['http://re-logic.bandcamp.com/track/rain', 'https://www.youtube.com/watch?v=syc_nWb6S-s']",['Music-Rain.mp3'],Music Boxes,https://terraria.wiki.gg/api.php,unclassified,Terraria
,"[http://re-logic.bandcamp.com/track/ice Bandcamp], [https://www.youtube.com/watch?v=8ZpGNTmd2dw YouTube]",,,,,Snow biome,400px,,,,,,"['http://re-logic.bandcamp.com/track/ice', 'https://www.youtube.com/watch?v=8ZpGNTmd2dw']",['Music-Snow.mp3'],Music Boxes,https://terraria.wiki.gg/api.php,unclassified,Terraria
,[https://www.youtube.com/watch?v=x4RA4O3nnNg YouTube],,,,,Ice biome,400px,,,,,,['https://www.youtube.com/watch?v=x4RA4O3nnNg'],['Music-Ice_biome.mp3'],Music Boxes,https://terraria.wiki.gg/api.php,unclassified,Terraria
,[https://www.youtube.com/watch?v=QuybWdpabu8 YouTube],,,,,Desert,400px,,,,,,['https://www.youtube.com/watch?v=QuybWdpabu8'],['Music-Desert.mp3'],Music Boxes,https://terraria.wiki.gg/api.php,unclassified,Terraria
,"[http://re-logic.bandcamp.com/track/ocean Bandcamp], [https://www.youtube.com/watch?v=M0OTqNRZNPI YouTube]",,,,,During Day in the Ocean,400px,,,,,,"['http://re-logic.bandcamp.com/track/ocean', 'https://www.youtube.com/watch?v=M0OTqNRZNPI']",['Music-Ocean Day.mp3'],Music Boxes,https://terraria.wiki.gg/api.php,unclassified,Terraria
,[https://www.youtube.com/watch?v=Yn64AUblcPg YouTube],,,,,During Night in the Ocean,400px,,,,,,['https://www.youtube.com/watch?v=Yn64AUblcPg'],['Music-Ocean_Night.mp3'],Music Boxes,https://terraria.wiki.gg/api.php,unclassified,Terraria
,[https://www.youtube.com/watch?v=MGCYHh_Rsvg YouTube],,,,,During Day in Space,400px,,,,,,['https://www.youtube.com/watch?v=MGCYHh_Rsvg'],['Music-Space Day.mp3'],Music Boxes,https://terraria.wiki.gg/api.php,unclassified,Terraria
,"[http://re-logic.bandcamp.com/track/space Bandcamp], [https://www.youtube.com/watch?v=vdKdgAbluyo YouTube]",,,,,During Night in Space,400px,,,,,,"['http://re-logic.bandcamp.com/track/space', 'https://www.youtube.com/watch?v=vdKdgAbluyo']",['Music-Space Night.mp3'],Music Boxes,https://terraria.wiki.gg/api.php,unclassified,Terraria
,"[http://re-logic.bandcamp.com/track/underground-2 Bandcamp], [https://www.youtube.com/watch?v=A36bXNKvuOw YouTube]",,,,,"Underground, Caverns<br/>(when Alt Underground is not playing)",400px,,,,,,"['http://re-logic.bandcamp.com/track/underground-2', 'https://www.youtube.com/watch?v=A36bXNKvuOw']",['Music-Underground.mp3'],Music Boxes,https://terraria.wiki.gg/api.php,unclassified,Terraria
,"[https://re-logic.bandcamp.com/track/alternate-underground Bandcamp], [https://www.youtube.com/watch?v=1Z4EjiT6cdk YouTube]",,,,,"Underground, Caverns<br/>(when Underground is not playing)",400px,,,,,,"['https://re-logic.bandcamp.com/track/alternate-underground', 'https://www.youtube.com/watch?v=1Z4EjiT6cdk']",['Music-Alternate Underground.mp3'],Music Boxes,https://terraria.wiki.gg/api.php,unclassified,Terraria
,"[http://re-logic.bandcamp.com/track/mushrooms Bandcamp], [https://www.youtube.com/watch?v=mMAWyoVtwzs YouTube]",,,,,Glowing Mushroom biome,400px,,,,,,"['http://re-logic.bandcamp.com/track/mushrooms', 'https://www.youtube.com/watch?v=mMAWyoVtwzs']",['Music-Mushrooms.mp3'],Music Boxes,https://terraria.wiki.gg/api.php,unclassified,Terraria
,"[http://re-logic.bandcamp.com/track/jungle Bandcamp], [https://www.youtube.com/watch?v=RXwNK1In2xE YouTube]",,,,,During Day in the Jungle,400px,,,,,,"['http://re-logic.bandcamp.com/track/jungle', 'https://www.youtube.com/watch?v=RXwNK1In2xE']",['Music-Jungle.mp3'],Music Boxes,https://terraria.wiki.gg/api.php,unclassified,Terraria
,"[http://re-logic.bandcamp.com/track/corruption Bandcamp], [https://www.youtube.com/watch?v=eauhfu2uk38 YouTube]",,,,,The Corruption,400px,,,,,,"['http://re-logic.bandcamp.com/track/corruption', 'https://www.youtube.com/watch?v=eauhfu2uk38']",['Music-Corruption.mp3'],Music Boxes,https://terraria.wiki.gg/api.php,unclassified,Terraria
,"[http://re-logic.bandcamp.com/track/underground-corruption Bandcamp], [https://www.youtube.com/watch?v=fiti2HI0Kk0 YouTube]",,,,,Underground Corruption,400px,,,,,,"['http://re-logic.bandcamp.com/track/underground-corruption', 'https://www.youtube.com/watch?v=fiti2HI0Kk0']",['Music-Underground Corruption.mp3'],Music Boxes,https://terraria.wiki.gg/api.php,unclassified,Terraria
,"[http://re-logic.bandcamp.com/track/crimson Bandcamp], [https://www.youtube.com/watch?v=H15HLQCUR0E YouTube]",,,,,The Crimson,400px,,,,,,"['http://re-logic.bandcamp.com/track/crimson', 'https://www.youtube.com/watch?v=H15HLQCUR0E']",['Music-Crimson.mp3'],Music Boxes,https://terraria.wiki.gg/api.php,unclassified,Terraria
,"[https://re-logic.bandcamp.com/track/underground-crimson Bandcamp], [https://www.youtube.com/watch?v=3wr9hxI9CvQ YouTube]",,,,,Underground Crimson,400px,,,,,,"['https://re-logic.bandcamp.com/track/underground-crimson', 'https://www.youtube.com/watch?v=3wr9hxI9CvQ']",['Music-Underground Crimson.mp3'],Music Boxes,https://terraria.wiki.gg/api.php,unclassified,Terraria
,"[http://re-logic.bandcamp.com/track/the-hallow Bandcamp], [https://www.youtube.com/watch?v=YJmERtEa5Rk YouTube]",,,,,During Day in The Hallow,400px,,,,,,"['http://re-logic.bandcamp.com/track/the-hallow', 'https://www.youtube.com/watch?v=YJmERtEa5Rk']",['Music-The Hallow.mp3'],Music Boxes,https://terraria.wiki.gg/api.php,unclassified,Terraria
,"[http://re-logic.bandcamp.com/track/underground-hallow Bandcamp], [https://www.youtube.com/watch?v=jHkHgxDBqPQ YouTube]",,,,,Underground Hallow,400px,,,,,,"['http://re-logic.bandcamp.com/track/underground-hallow', 'https://www.youtube.com/watch?v=jHkHgxDBqPQ']",['Music-Underground Hallow.mp3'],Music Boxes,https://terraria.wiki.gg/api.php,unclassified,Terraria
,"[https://re-logic.bandcamp.com/track/underworld Bandcamp], [https://www.youtube.com/watch?v=jkcuG1cnkaM YouTube]",,,,,The Underworld,400px,,,,,,"['https://re-logic.bandcamp.com/track/underworld', 'https://www.youtube.com/watch?v=jkcuG1cnkaM']",['Music-Underworld.mp3'],Music Boxes,https://terraria.wiki.gg/api.php,unclassified,Terraria
,"[http://re-logic.bandcamp.com/track/dungeon Bandcamp], [https://www.youtube.com/watch?v=WtN8STToIYE Youtube]",,,,,Dungeon,400px,,,,,,"['http://re-logic.bandcamp.com/track/dungeon', 'https://www.youtube.com/watch?v=WtN8STToIYE']",['Music-Dungeon.mp3'],Music Boxes,https://terraria.wiki.gg/api.php,unclassified,Terraria
,"[http://re-logic.bandcamp.com/track/lihzahrd Bandcamp], [https://www.youtube.com/watch?v=FTtL9-edqMQ YouTube]",,,,,Jungle Temple,400px,,,,,,"['http://re-logic.bandcamp.com/track/lihzahrd', 'https://www.youtube.com/watch?v=FTtL9-edqMQ']",['Music-Lihzahrd.mp3'],Music Boxes,https://terraria.wiki.gg/api.php,unclassified,Terraria
,"[http://re-logic.bandcamp.com/track/boss-1 Bandcamp], [https://www.youtube.com/watch?v=pBygBkCmE9o YouTube]",,,,,Eye of Cthulhu,400px,,,,,,"['http://re-logic.bandcamp.com/track/boss-1', 'https://www.youtube.com/watch?v=pBygBkCmE9o']",['Music-Boss 1.mp3'],Music Boxes,https://terraria.wiki.gg/api.php,unclassified,Terraria
,"[http://re-logic.bandcamp.com/track/boss-2 Bandcamp], [https://www.youtube.com/watch?v=Dz3tP8IVhFY YouTube]",,,,,Wall of Flesh,400px,,,,,,"['http://re-logic.bandcamp.com/track/boss-2', 'https://www.youtube.com/watch?v=Dz3tP8IVhFY']",['Music-Boss 2.mp3'],Music Boxes,https://terraria.wiki.gg/api.php,unclassified,Terraria
,"[http://re-logic.bandcamp.com/track/boss-3 Bandcamp], [https://www.youtube.com/watch?v=xW6nipLFOZA YouTube]",,,,,"Frost Legion, <br/>Brain of Cthulhu",400px,,,,,,"['http://re-logic.bandcamp.com/track/boss-3', 'https://www.youtube.com/watch?v=xW6nipLFOZA']",['Music-Boss 3.mp3'],Music Boxes,https://terraria.wiki.gg/api.php,unclassified,Terraria
,"[http://re-logic.bandcamp.com/track/golem Bandcamp], [https://www.youtube.com/watch?v=bSKCl2Aql4o YouTube]",,,,,Golem,400px,,,,,,"['http://re-logic.bandcamp.com/track/golem', 'https://www.youtube.com/watch?v=bSKCl2Aql4o']",['Music-Golem.mp3'],Music Boxes,https://terraria.wiki.gg/api.php,unclassified,Terraria
,[https://www.youtube.com/watch?v=LRGAtNz_4j8 YouTube],,,,,Mechdusa,400px,,,,,,['https://www.youtube.com/watch?v=LRGAtNz_4j8'],['Music-Boss 5.mp3'],Music Boxes,https://terraria.wiki.gg/api.php,unclassified,Terraria
,[https://www.youtube.com/watch?v=hQjps-gNgVY YouTube],,,,,Deerclops,400px,,,,,,['https://www.youtube.com/watch?v=hQjps-gNgVY'],['Music-Deerclops.mp3'],Music Boxes,https://terraria.wiki.gg/api.php,unclassified,Terraria
,[https://www.youtube.com/watch?v=W2WYYZzt7WY YouTube],,,,,Queen Slime,400px,,,,,,['https://www.youtube.com/watch?v=W2WYYZzt7WY'],['Music-Queen Slime.mp3'],Music Boxes,https://terraria.wiki.gg/api.php,unclassified,Terraria
,"[http://re-logic.bandcamp.com/track/plantera Bandcamp], [https://www.youtube.com/watch?v=sfoKu6BvWUs YouTube]",,,,,Plantera,400px,,,,,,"['http://re-logic.bandcamp.com/track/plantera', 'https://www.youtube.com/watch?v=sfoKu6BvWUs']",['Music-Plantera.mp3'],Music Boxes,https://terraria.wiki.gg/api.php,unclassified,Terraria
,[https://www.youtube.com/watch?v=_ObcCtgOcHU YouTube],,,,,Empress of Light,400px,,,,,,['https://www.youtube.com/watch?v=_ObcCtgOcHU'],['Music-Empress of Light.mp3'],Music Boxes,https://terraria.wiki.gg/api.php,unclassified,Terraria
,[https://www.youtube.com/watch?v=azdfcjv32oU YouTube],,,,,Duke Fishron,400px,,,,,,['https://www.youtube.com/watch?v=azdfcjv32oU'],['Music-Duke Fishron.mp3'],Music Boxes,https://terraria.wiki.gg/api.php,unclassified,Terraria
,"[http://re-logic.bandcamp.com/track/eerie Bandcamp], [https://www.youtube.com/watch?v=UcZQAj9mlns YouTube]",,,,,"Meteorite, Blood Moon",400px,,,,,,"['http://re-logic.bandcamp.com/track/eerie', 'https://www.youtube.com/watch?v=UcZQAj9mlns']",['Music-Eerie.mp3'],Music Boxes,https://terraria.wiki.gg/api.php,unclassified,Terraria
,"[http://re-logic.bandcamp.com/track/eclipse Bandcamp], [https://www.youtube.com/watch?v=nJ8tMY220t4 YouTube]",,,,,Solar Eclipse,400px,,,,,,"['http://re-logic.bandcamp.com/track/eclipse', 'https://www.youtube.com/watch?v=nJ8tMY220t4']",['Music-Eclipse.mp3'],Music Boxes,https://terraria.wiki.gg/api.php,unclassified,Terraria
,"[https://re-logic.bandcamp.com/track/goblin-army Bandcamp], [https://www.youtube.com/watch?v=sm3mhl37vW8 YouTube]",,,,,Goblin Army,400px,,,,,,"['https://re-logic.bandcamp.com/track/goblin-army', 'https://www.youtube.com/watch?v=sm3mhl37vW8']",['Music-Goblin Army.mp3'],Music Boxes,https://terraria.wiki.gg/api.php,unclassified,Terraria
,"[https://re-logic.bandcamp.com/track/pirate-invasion Bandcamp], [https://www.youtube.com/watch?v=Tu08cqHRvL8 YouTube]",,,,,Pirate Invasion,400px,,,,,,"['https://re-logic.bandcamp.com/track/pirate-invasion', 'https://www.youtube.com/watch?v=Tu08cqHRvL8']",['Music-Pirate Invasion.mp3'],Music Boxes,https://terraria.wiki.gg/api.php,unclassified,Terraria
,"[https://re-logic.bandcamp.com/track/martian-madness Bandcamp], [https://www.youtube.com/watch?v=DbY1Hj44R_Y YouTube]",,,,,Martian Madness,400px,,,,,,"['https://re-logic.bandcamp.com/track/martian-madness', 'https://www.youtube.com/watch?v=DbY1Hj44R_Y']",['Music-Martian Madness.mp3'],Music Boxes,https://terraria.wiki.gg/api.php,unclassified,Terraria
,"[https://re-logic.bandcamp.com/track/pumpkin-moon Bandcamp], [https://www.youtube.com/watch?v=N0E6PnaB8rk YouTube]",,,,,Pumpkin Moon,400px,,,,,,"['https://re-logic.bandcamp.com/track/pumpkin-moon', 'https://www.youtube.com/watch?v=N0E6PnaB8rk']",['Music-Pumpkin Moon.mp3'],Music Boxes,https://terraria.wiki.gg/api.php,unclassified,Terraria
,"[https://re-logic.bandcamp.com/track/frost-moon Bandcamp], [https://www.youtube.com/watch?v=HhF8uM2cBvA YouTube]",,,,,Frost Moon,400px,,,,,,"['https://re-logic.bandcamp.com/track/frost-moon', 'https://www.youtube.com/watch?v=HhF8uM2cBvA']",['Music-Frost Moon.mp3'],Music Boxes,https://terraria.wiki.gg/api.php,unclassified,Terraria
,"[http://re-logic.bandcamp.com/track/lunar-boss Bandcamp], [https://www.youtube.com/watch?v=0AvdBo3BBkA YouTube]",,,,,Lunar Events,400px,,,,,,"['http://re-logic.bandcamp.com/track/lunar-boss', 'https://www.youtube.com/watch?v=0AvdBo3BBkA']",['Music-Lunar Boss.mp3'],Music Boxes,https://terraria.wiki.gg/api.php,unclassified,Terraria
,"[https://re-logic.bandcamp.com/track/moon-lord Bandcamp], [https://www.youtube.com/watch?v=7lcnjjeq8ig YouTube]",,,,,Moon Lord,400px,,,,,,"['https://re-logic.bandcamp.com/track/moon-lord', 'https://www.youtube.com/watch?v=7lcnjjeq8ig']",['Music-Moon Lord.mp3'],Music Boxes,https://terraria.wiki.gg/api.php,unclassified,Terraria
,[https://www.youtube.com/watch?v=izbvhGAzmzw YouTube],,,,,During a Sandstorm in a Desert,400px,,,,,,['https://www.youtube.com/watch?v=izbvhGAzmzw'],['Music-Sandstorm.mp3'],Music Boxes,https://terraria.wiki.gg/api.php,unclassified,Terraria
,[https://www.youtube.com/watch?v=JUS0F6pMmOA YouTube],,,,,Old One's Army,400px,,,,,,['https://www.youtube.com/watch?v=JUS0F6pMmOA'],"[""Music-Old One's Army.mp3""]",Music Boxes,https://terraria.wiki.gg/api.php,unclassified,Terraria
,[https://www.youtube.com/watch?v=N5R-HbJOa8M YouTube],,,,,Slime Rain,400px,,,,,,['https://www.youtube.com/watch?v=N5R-HbJOa8M'],['Music-Slime Rain.mp3'],Music Boxes,https://terraria.wiki.gg/api.php,unclassified,Terraria
,[https://www.youtube.com/watch?v=Q3rWh7qd7vk YouTube],,,,,During Day in a Town,400px,,,,,,['https://www.youtube.com/watch?v=Q3rWh7qd7vk'],['Music-Town Day.mp3'],Music Boxes,https://terraria.wiki.gg/api.php,unclassified,Terraria
,[https://www.youtube.com/watch?v=sNlHjsZNXJ4 YouTube],,,,,During Night in a Town,400px,,,,,,['https://www.youtube.com/watch?v=sNlHjsZNXJ4'],['Music-Town Night.mp3'],Music Boxes,https://terraria.wiki.gg/api.php,unclassified,Terraria
,[https://www.youtube.com/watch?v=PI93w1HByHI YouTube],,,,,Windy Day,400px,,,,,,['https://www.youtube.com/watch?v=PI93w1HByHI'],['Music-Windy Day.mp3'],Music Boxes,https://terraria.wiki.gg/api.php,unclassified,Terraria
,[https://www.youtube.com/watch?v=_QVc5ssWuz4 YouTube],,,,,Crafting,400px,,,,,,['https://www.youtube.com/watch?v=_QVc5ssWuz4'],['Music-Contest_Winner.mp3'],Music Boxes,https://terraria.wiki.gg/api.php,unclassified,Terraria
,[https://www.youtube.com/watch?v=vjWCxvve-jI YouTube],,,,,Crafting,400px,,,,,,['https://www.youtube.com/watch?v=vjWCxvve-jI'],"[""Music-Journey's Beginning.mp3""]",Music Boxes,https://terraria.wiki.gg/api.php,unclassified,Terraria
,[https://www.youtube.com/watch?v=DShUHIAY47w YouTube],,,,,Thunderstorm,400px,,,,,,['https://www.youtube.com/watch?v=DShUHIAY47w'],['Music-Storm.mp3'],Music Boxes,https://terraria.wiki.gg/api.php,unclassified,Terraria
,[https://www.youtube.com/watch?v=fy_9sPT0w8A YouTube],,,,,Graveyard,400px,,,,,,['https://www.youtube.com/watch?v=fy_9sPT0w8A'],['Music-Graveyard.mp3'],Music Boxes,https://terraria.wiki.gg/api.php,unclassified,Terraria
,[https://www.youtube.com/watch?v=YknY_BXr6LA YouTube],,,,,Underground Jungle,400px,,,,,,['https://www.youtube.com/watch?v=YknY_BXr6LA'],['Music-Underground_Jungle.mp3'],Music Boxes,https://terraria.wiki.gg/api.php,unclassified,Terraria
,[https://www.youtube.com/watch?v=JMUSOWm5ZCs YouTube],,,,,During Night in the Jungle,400px,,,,,,['https://www.youtube.com/watch?v=JMUSOWm5ZCs'],['Music-Surface_Night_Jungle.mp3'],Music Boxes,https://terraria.wiki.gg/api.php,unclassified,Terraria
,[https://www.youtube.com/watch?v=7fSz0y9Mcp4 YouTube],,,,,"During Rain, in a Forest, between  and",400px,,,,,,['https://www.youtube.com/watch?v=7fSz0y9Mcp4'],['Music-Morning_Rain.mp3'],Music Boxes,https://terraria.wiki.gg/api.php,unclassified,Terraria
,[https://www.youtube.com/watch?v=75yZXyeNMTo YouTube],,,,,Crafting,400px,,,,,,['https://www.youtube.com/watch?v=75yZXyeNMTo'],['Music-Title (Console).mp3'],Music Boxes,https://terraria.wiki.gg/api.php,unclassified,Terraria
,[https://www.youtube.com/watch?v=maI2tOIyW2E YouTube],,,,,Underground Desert,400px,,,,,,['https://www.youtube.com/watch?v=maI2tOIyW2E'],['Music-Underground Desert.mp3'],Music Boxes,https://terraria.wiki.gg/api.php,unclassified,Terraria
,[https://www.youtube.com/watch?v=hhxG9SDTN9o YouTube],,,,,"During Rain in the Forest<ref name=""OtherworldToggle"" />",400px,,,,,,['https://www.youtube.com/watch?v=hhxG9SDTN9o'],['Music-Rain (Otherworldly).mp3'],Music Boxes,https://terraria.wiki.gg/api.php,unclassified,Terraria
,[https://www.youtube.com/watch?v=pkpTNUI7Wjk YouTube],,,,,"During Day in the Forest<ref name=""OtherworldToggle"" />",400px,,,,,,['https://www.youtube.com/watch?v=pkpTNUI7Wjk'],['Music-Forest Day (Otherworldly).mp3'],Music Boxes,https://terraria.wiki.gg/api.php,unclassified,Terraria
,[https://www.youtube.com/watch?v=gUsf7d8IrPQ YouTube],,,,,"During Night on Surface in the Forest and Hallow<ref name=""OtherworldToggle"" />",400px,,,,,,['https://www.youtube.com/watch?v=gUsf7d8IrPQ'],['Music-Forest Night (Otherworldly).mp3'],Music Boxes,https://terraria.wiki.gg/api.php,unclassified,Terraria
,[https://www.youtube.com/watch?v=WJCSVKxJgOE YouTube],,,,,"Underground, Caverns<ref name=""OtherworldToggle"" />",400px,,,,,,['https://www.youtube.com/watch?v=WJCSVKxJgOE'],['Music-Main_Theme_(Underground)_(Otherworldly).mp3'],Music Boxes,https://terraria.wiki.gg/api.php,unclassified,Terraria
,[https://www.youtube.com/watch?v=6Jbm5xBIQLk YouTube],,,,,"Desert, Underground Desert<ref name=""OtherworldToggle"" />",400px,,,,,,['https://www.youtube.com/watch?v=6Jbm5xBIQLk'],['Music-Desert (Otherworldly).mp3'],Music Boxes,https://terraria.wiki.gg/api.php,unclassified,Terraria
,400px,,,,,"Ocean<ref name=""OtherworldToggle"" />",,,,,,,,['Music-Ocean (Otherworldly).mp3'],Music Boxes,https://terraria.wiki.gg/api.php,unclassified,Terraria
,[https://www.youtube.com/watch?v=1zlmgZd2r20 YouTube],,,,,"Glowing Mushroom biome<ref name=""OtherworldToggle"" />",400px,,,,,,['https://www.youtube.com/watch?v=1zlmgZd2r20'],['Music-Crystal Caves (Mushrooms) (Otherworldly).mp3'],Music Boxes,https://terraria.wiki.gg/api.php,unclassified,Terraria
,[https://www.youtube.com/watch?v=GPOy7_LJu0E YouTube],,,,,"Dungeon, Temple<ref name=""OtherworldToggle"" />",400px,,,,,,['https://www.youtube.com/watch?v=GPOy7_LJu0E'],['Music-Dungeon (Otherworldly).mp3'],Music Boxes,https://terraria.wiki.gg/api.php,unclassified,Terraria
,[https://www.youtube.com/watch?v=lz1qadp-78Y YouTube],,,,,"Space<ref name=""OtherworldToggle"" />",400px,,,,,,['https://www.youtube.com/watch?v=lz1qadp-78Y'],['Music-Space (Otherworldly).mp3'],Music Boxes,https://terraria.wiki.gg/api.php,unclassified,Terraria
,400px,,,,,"The Underworld<ref name=""OtherworldToggle"" />",,,,,,,,['Music-Underworld (Otherworldly).mp3'],Music Boxes,https://terraria.wiki.gg/api.php,unclassified,Terraria
,400px,,,,,"Snow biome, The Aether<ref name=""OtherworldToggle"" />",,,,,,,,['Music-Arctic (Snow) (Otherworldly).mp3'],Music Boxes,https://terraria.wiki.gg/api.php,unclassified,Terraria
,[https://www.youtube.com/watch?v=j_JZiGst59w YouTube],,,,,"Corruption<ref name=""OtherworldToggle"" />",400px,,,,,,['https://www.youtube.com/watch?v=j_JZiGst59w'],['Music-Corruption (Otherworldly).mp3'],Music Boxes,https://terraria.wiki.gg/api.php,unclassified,Terraria
,400px,,,,,"Underground Corruption<ref name=""OtherworldToggle"" />",,,,,,,,['Music-Underground Corruption (Otherworldly).mp3'],Music Boxes,https://terraria.wiki.gg/api.php,unclassified,Terraria
,400px,,,,,"Crimson<ref name=""OtherworldToggle"" />",,,,,,,,['Music-Crimson (Otherworldly).mp3'],Music Boxes,https://terraria.wiki.gg/api.php,unclassified,Terraria
,400px,,,,,"Underground Crimson<ref name=""OtherworldToggle"" />",,,,,,,,['Music-Underground Crimson (Otherworldly).mp3'],Music Boxes,https://terraria.wiki.gg/api.php,unclassified,Terraria
,400px,,,,,"Ice biome<ref name=""OtherworldToggle"" />",,,,,,,,['Music-Ice (Otherworldly).mp3'],Music Boxes,https://terraria.wiki.gg/api.php,unclassified,Terraria
,400px,,,,,"Underground Hallow<ref name=""OtherworldToggle"" />",,,,,,,,['Music-Underground Hallow (Otherworldly).mp3'],Music Boxes,https://terraria.wiki.gg/api.php,unclassified,Terraria
,400px,,,,,"Meteorite, Blood Moon, Solar Eclipse, Graveyard<ref name=""OtherworldToggle"" />",,,,,,,,['Music-Eerie (Otherworldly).mp3'],Music Boxes,https://terraria.wiki.gg/api.php,unclassified,Terraria
,400px,,,,,"Duke Fishron, Empress of Light, Golem, Lunatic Cultist, Queen Slime, Skeletron Prime, The Destroyer, The Twins<ref name=""OtherworldToggle"" />",,,,,,,,['Music-Boss 2 (Otherworldly).mp3'],Music Boxes,https://terraria.wiki.gg/api.php,unclassified,Terraria
,400px,,,,,"Brain of Cthulhu, Eater of Worlds, Eye of Cthulhu, King Slime, Queen Bee, Skeletron<ref name=""OtherworldToggle"" />",,,,,,,,['Music-Boss 1 (Otherworldly).mp3'],Music Boxes,https://terraria.wiki.gg/api.php,unclassified,Terraria
,400px,,,,,"Goblin Army, Old One's Army, Frost Legion, Pirate Invasion, Pumpkin Moon, Frost Moon, Martian Madness<ref name=""OtherworldToggle"" />",,,,,,,,['Music-Invasion (Otherworldly).mp3'],Music Boxes,https://terraria.wiki.gg/api.php,unclassified,Terraria
,400px,,,,,"Lunar Events<ref name=""OtherworldToggle"" />",,,,,,,,['Music-The Towers (Otherworldly).mp3'],Music Boxes,https://terraria.wiki.gg/api.php,unclassified,Terraria
,400px,,,,,"Moon Lord<ref name=""OtherworldToggle"" />",,,,,,,,['Music-Lunar Boss (Otherworldly).mp3'],Music Boxes,https://terraria.wiki.gg/api.php,unclassified,Terraria
,400px,,,,,"Plantera<ref name=""OtherworldToggle"" />",,,,,,,,['Music-Plantera (Otherworldly).mp3'],Music Boxes,https://terraria.wiki.gg/api.php,unclassified,Terraria
,400px,,,,,"Jungle, Underground Jungle<ref name=""OtherworldToggle"" />",,,,,,,,['Music-Jungle (Otherworldly).mp3'],Music Boxes,https://terraria.wiki.gg/api.php,unclassified,Terraria
,400px,,,,,"Wall of Flesh<ref name=""OtherworldToggle"" />",,,,,,,,['Music-Wall of Flesh (Otherworldly).mp3'],Music Boxes,https://terraria.wiki.gg/api.php,unclassified,Terraria
,400px,,,,,"During Day in The Hallow<ref name=""OtherworldToggle"" />",,,,,,,,['Music-Hallow (Otherworldly).mp3'],Music Boxes,https://terraria.wiki.gg/api.php,unclassified,Terraria
,[https://www.youtube.com/watch?v=COC_ZANdmGQ YouTube],,,,,"Purchased from the Princess for  / Credits, after defeating Moon Lord",400px,,,,,,['https://www.youtube.com/watch?v=COC_ZANdmGQ'],"[""Music-Journey's End.mp3""]",Music Boxes,https://terraria.wiki.gg/api.php,unclassified,Terraria
,[https://www.youtube.com/watch?v=dUYtd9a_abc YouTube],,,,,Aether,400px,,,,,,['https://www.youtube.com/watch?v=dUYtd9a_abc'],['Music-Aether.mp3'],Music Boxes,https://terraria.wiki.gg/api.php,unclassified,Terraria
,"[http://re-logic.bandcamp.com/track/title-screen Bandcamp], [https://www.youtube.com/watch?v=EXQ5D0v4rmw YouTube]",,,,,Crafting,400px,,,,,,"['http://re-logic.bandcamp.com/track/title-screen', 'https://www.youtube.com/watch?v=EXQ5D0v4rmw']",['Music-Title Screen.mp3'],Music Boxes,https://terraria.wiki.gg/api.php,unclassified,Terraria
,[https://www.youtube.com/watch?v=WKaSnuELrPE YouTube],,,,,Queen Bee,400px,,,,,,['https://www.youtube.com/watch?v=WKaSnuELrPE'],['Music-Queen Bee.mp3'],Music Boxes,https://terraria.wiki.gg/api.php,unclassified,Terraria
,[https://www.youtube.com/watch?v=goVk4dQe3RQ YouTube],,,,,The Twins,400px,,,,,,['https://www.youtube.com/watch?v=goVk4dQe3RQ'],['Music-The Twins.mp3'],Music Boxes,https://terraria.wiki.gg/api.php,unclassified,Terraria
,[https://www.youtube.com/watch?v=iTesiLCcnbo YouTube],,,,,King Slime,400px,,,,,,['https://www.youtube.com/watch?v=iTesiLCcnbo'],['Music-King Slime.mp3'],Music Boxes,https://terraria.wiki.gg/api.php,unclassified,Terraria
,[https://www.youtube.com/watch?v=JnzkO2u37wU YouTube],,,,,Obtained by throwing Music Box (Queen Bee) into Shimmer,400px,,,,,,['https://www.youtube.com/watch?v=JnzkO2u37wU'],['Music-Alternate Queen Bee.mp3'],Music Boxes,https://terraria.wiki.gg/api.php,unclassified,Terraria
,[https://www.youtube.com/watch?v=V_s-k-dVGBs YouTube],,,,,Lunatic Cultist,400px,,,,,,['https://www.youtube.com/watch?v=V_s-k-dVGBs'],['Music-Lunatic Cultist.mp3'],Music Boxes,https://terraria.wiki.gg/api.php,unclassified,Terraria
,[https://www.youtube.com/watch?v=D0ITvP7gfHk YouTube],,,,,Skeletron Prime,400px,,,,,,['https://www.youtube.com/watch?v=D0ITvP7gfHk'],['Music-Skeletron Prime.mp3'],Music Boxes,https://terraria.wiki.gg/api.php,unclassified,Terraria
,[https://www.youtube.com/watch?v=YuLh4Bp3I6M YouTube],,,,,The Destroyer,400px,,,,,,['https://www.youtube.com/watch?v=YuLh4Bp3I6M'],['Music-The Destroyer.mp3'],Music Boxes,https://terraria.wiki.gg/api.php,unclassified,Terraria
,[https://www.youtube.com/watch?v=_pgExSdc7MI YouTube],,,,,Eater of Worlds,400px,,,,,,['https://www.youtube.com/watch?v=_pgExSdc7MI'],['Music-Eater of Worlds.mp3'],Music Boxes,https://terraria.wiki.gg/api.php,unclassified,Terraria
,[https://www.youtube.com/watch?v=hwgJx_fKqCE YouTube],,,,,Torch God,400px,,,,,,['https://www.youtube.com/watch?v=hwgJx_fKqCE'],['Music-Torch God.mp3'],Music Boxes,https://terraria.wiki.gg/api.php,unclassified,Terraria
,[https://www.youtube.com/watch?v=5_CEqQC3GCo YouTube],,,,,Obtained by throwing Music Box (Torch God) into Shimmer,400px,,,,,,['https://www.youtube.com/watch?v=5_CEqQC3GCo'],['Music-Alternate Torch God.mp3'],Music Boxes,https://terraria.wiki.gg/api.php,unclassified,Terraria
,[https://www.youtube.com/watch?v=ZyXoH1ZszeQ YouTube],,,,,Skeletron,400px,,,,,,['https://www.youtube.com/watch?v=ZyXoH1ZszeQ'],['Music-Skeletron.mp3'],Music Boxes,https://terraria.wiki.gg/api.php,unclassified,Terraria
,400px,,,,,Rainbow Boulder,,,,,,,,['Music-Rainbow Boulder (intro).mp3'],Music Boxes,https://terraria.wiki.gg/api.php,unclassified,Terraria
,"Mutes all music when activated, including other Music Boxes.",,,,,Obtained by throwing a Music Box with no recording into Shimmer,,,,,,,,,Music Boxes,https://terraria.wiki.gg/api.php,unclassified,Terraria
,,"Space, Surface, Underground, Cavern, Ocean",,,,,,,Forest,,"Above the Underworld, no other biomes present.",,,,Biomes,https://terraria.wiki.gg/api.php,unclassified,Terraria
,,"Not Underground, Cavern, Underworld, or Dungeon",,,,,,,Graveyard,,"At least 5  for basic biome, 7 Tombstones for all features. An additional Tombstone is required for each nearby Sunflower.",,,,Biomes,https://terraria.wiki.gg/api.php,unclassified,Terraria
,,Not Hallow,,,,,,,Corruption,,"At least 300 tiles of the following:
* 
* 
* 
* 
* 
* 
* 
* 
* 
* 
* 
Each Sunflower increases the requirement by 80, and each Hallow tile increases the requirement by 1.",,,,Biomes,https://terraria.wiki.gg/api.php,unclassified,Terraria
,,Not Hallow,,,,,,,Crimson,,"At least 300 tiles of the following:
* 
* 
* 
* 
* 
* 
* 
* 
* 
* 
* 
Each Sunflower increases the requirement by 80, and each Hallow tile increases the requirement by 1.",,,,Biomes,https://terraria.wiki.gg/api.php,unclassified,Terraria
,,All,,,,,,,Mushroom,,"At least 100 of the following:
* 
* 
* 
*",,,,Biomes,https://terraria.wiki.gg/api.php,unclassified,Terraria
,,All,,,,,,,Jungle,,"At least 140 of the following:
* 
* 
* 
* 
* 
* 
* 
*",,,,Biomes,https://terraria.wiki.gg/api.php,unclassified,Terraria
,,Not Corruption or Crimson,,,,,,,Hallow,,"At least 125 of the following:
* 
* 
* 
* 
* 
* 
* 
* 
Each Corruption or Crimson tile increases the requirement by 1.",,,,Biomes,https://terraria.wiki.gg/api.php,unclassified,Terraria
,,All,,,,,,,Desert,,"At least 1,500 of the following (300 for Skyblock):
* 
* 
* 
* 
* 
* 
* 
* 
* 
* 
* 
*",,,,Biomes,https://terraria.wiki.gg/api.php,unclassified,Terraria
,,All,,,,,,,Ocean,,"The Ocean exists within 338 tiles (676 feet)<ref>Players cannot come within 41 tiles from the absolute edge of the map. Thus, from a player's perspective, the oceans end roughly 338 tiles (686 feet) from either lateral end, but technically they actually end 380 tiles (760 feet) from either end. </ref> from either edge of the map, and extends downwards to above roughly the midpoint<ref name=""oceanbounds""/> of the Underground layer.<br/>
At least 1,000 tiles of  must be present to allow for ocean fish to be caught.<br/>",,,,Biomes,https://terraria.wiki.gg/api.php,unclassified,Terraria
,,All,,,,,,,Snow,,"At least 1,500 of the following (300 for Skyblock):
* 
* 
* 
* 
* 
* 
*",,,,Biomes,https://terraria.wiki.gg/api.php,unclassified,Terraria
,,All,,,,,,,Meteorite,,At least 75 tiles of,,,,Biomes,https://terraria.wiki.gg/api.php,unclassified,Terraria
,,All,,,,,,,Dungeon,,"At least 250  (regular or cracked), and the player must be standing in front of any unsafe  below −4 feet.",,,,Biomes,https://terraria.wiki.gg/api.php,unclassified,Terraria
,,,,/,,,,,,44 /  /,,,,,Plantera,https://terraria.wiki.gg/api.php,unclassified,Terraria
,,,,/,,,,,,54 /  /,,,,,Plantera,https://terraria.wiki.gg/api.php,unclassified,Terraria
,,,,/,,,,,,62 /  /,,,,,Plantera,https://terraria.wiki.gg/api.php,unclassified,Terraria
